n_fans,E_Wh,P_avg_W,Q_avg_m3_s
1,1760.42,1760.42,1.10068
2,3519.52,3519.52,1.52737
3,4461.99,4461.99,1.6961
4,5007.32,5007.32,1.78164
